{"speaker_id":"S0","start_time":0.10999999940395355,"duration":5.650000095367432}