{"speaker_id":"S1","start_time":193.3300018310547,"duration":13.760000228881836}