{"speaker_id":"S1","start_time":222.99000549316406,"duration":4.650000095367432}