{"speaker_id":"S1","start_time":271.6300048828125,"duration":6.320000171661377}