{"speaker_id":"S0","start_time":349.6099853515625,"duration":5.960000038146973}