{"speaker_id":"S10","start_time":71.05000305175781,"duration":8.579999923706055}