{"speaker_id":"S10","start_time":333.0799865722656,"duration":16.100000381469727}