{"speaker_id":"S11","start_time":123.69000244140625,"duration":1.840000033378601}