{"speaker_id":"S18","start_time":138.57000732421875,"duration":10.930000305175781}