{"speaker_id":"S1","start_time":53.970001220703125,"duration":4.690000057220459}