{"speaker_id":"S1","start_time":63.310001373291016,"duration":7.739999771118164}