{"speaker_id":"S1","start_time":96.80999755859375,"duration":10.449999809265137}