{"speaker_id":"S1","start_time":107.26000213623047,"duration":16.43000030517578}