{"speaker_id":"S1","start_time":227.63999938964844,"duration":6.429999828338623}