{"speaker_id":"S1","start_time":239.5399932861328,"duration":14.430000305175781}