{"speaker_id":"S1","start_time":264.6400146484375,"duration":6.989999771118164}