{"speaker_id":"S1","start_time":287.260009765625,"duration":12.630000114440918}