{"speaker_id":"S1","start_time":310.19000244140625,"duration":4.639999866485596}