{"speaker_id":"S1","start_time":320.8999938964844,"duration":12.180000305175781}