{"speaker_id":"S10","start_time":36.9900016784668,"duration":16.979999542236328}