{"speaker_id":"S10","start_time":91.30000305175781,"duration":5.510000228881836}