{"speaker_id":"S10","start_time":207.77999877929688,"duration":6.489999771118164}