{"speaker_id":"S11","start_time":79.98999786376953,"duration":3.700000047683716}