{"speaker_id":"S18","start_time":149.6999969482422,"duration":13.0600004196167}