{"speaker_id":"S1","start_time":12.260000228881836,"duration":2.549999952316284}