{"speaker_id":"S18","start_time":162.75999450683594,"duration":7.139999866485596}