{"speaker_id":"S18","start_time":169.89999389648438,"duration":4.619999885559082}