{"speaker_id":"S18","start_time":314.8299865722656,"duration":6.070000171661377}