{"speaker_id":"S2","start_time":14.920000076293945,"duration":13.640000343322754}