{"speaker_id":"S2","start_time":28.559999465942383,"duration":8.430000305175781}