{"speaker_id":"S29","start_time":214.27000427246094,"duration":8.720000267028809}