{"speaker_id":"S29","start_time":234.07000732421875,"duration":5.46999979019165}