{"speaker_id":"S29","start_time":253.97000122070312,"duration":10.670000076293945}