{"speaker_id":"S29","start_time":277.95001220703125,"duration":9.3100004196167}