{"speaker_id":"S29","start_time":299.8900146484375,"duration":7.460000038146973}