{"speaker_id":"S1","start_time":58.65999984741211,"duration":4.650000095367432}