{"speaker_id":"S1","start_time":174.52000427246094,"duration":18.809999465942383}