{"speaker_id":"S0","start_time":9.9399995803833,"duration":2.6600000858306885}