{"speaker_id":"S0","start_time":23.329999923706055,"duration":3.890000104904175}