{"speaker_id":"S3","start_time":35.95000076293945,"duration":1.600000023841858}